graph,nodes,edges,min_cut,edges_to_remove,solutions_tested,basic_operations,time_elapsed
Graph_3_2_0,3,2,1,"{(0, 2)}",6,3018,0.0
Graph_3_3_0,3,3,2,"{(0, 1), (0, 2)}",3,3000,0.015840768814086914
Graph_4_3_0,4,3,1,"{(1, 3)}",4,3997,0.0
Graph_4_4_0,4,4,1,"{(2, 3)}",8,4040,0.0
Graph_4_5_0,4,5,2,"{(0, 1), (0, 3)}",8,4049,0.0
Graph_4_6_0,4,6,3,"{(0, 1), (1, 2), (1, 3)}",8,4058,0.011973857879638672
Graph_5_4_0,5,4,1,"{(0, 3)}",10,5046,0.003000497817993164
Graph_5_6_0,5,6,1,"{(1, 3)}",10,5064,0.001985788345336914
Graph_5_8_0,5,8,3,"{(0, 1), (1, 2), (1, 3)}",10,5082,0.0020122528076171875
Graph_5_10_0,5,10,4,"{(0, 1), (1, 2), (1, 3), (1, 4)}",10,5100,0.0026595592498779297
Graph_6_5_0,6,5,1,"{(0, 3)}",12,6063,0.0030057430267333984
Graph_6_8_0,6,8,2,"{(2, 3), (1, 2)}",12,6090,0.0032677650451660156
Graph_6_12_0,6,12,3,"{(4, 5), (0, 4), (3, 4)}",12,6126,0.0030128955841064453
Graph_6_15_0,6,15,5,"{(2, 4), (1, 2), (2, 3), (0, 2), (2, 5)}",12,6153,0.0029697418212890625
Graph_7_6_0,7,6,1,"{(2, 3)}",14,7082,0.0036745071411132812
Graph_7_11_0,7,11,2,"{(1, 6), (1, 2)}",14,7127,0.0030145645141601562
Graph_7_16_0,7,16,4,"{(2, 3), (1, 2), (2, 5), (2, 6)}",14,7172,0.0037822723388671875
Graph_7_21_0,7,21,6,"{(2, 4), (1, 2), (2, 3), (0, 2), (2, 6), (2, 5)}",14,7217,0.003932952880859375
Graph_8_7_0,8,7,1,"{(1, 6)}",16,8103,0.004005908966064453
Graph_8_7_1,8,7,1,"{(0, 6)}",16,8103,0.004430294036865234
Graph_8_7_2,8,7,1,"{(2, 7)}",16,8103,0.002497434616088867
Graph_8_7_3,8,7,1,"{(0, 4)}",16,8103,0.003011465072631836
Graph_8_7_4,8,7,1,"{(3, 7)}",16,8103,0.0013496875762939453
Graph_8_8_0,8,8,1,"{(1, 3)}",16,8112,0.0036275386810302734
Graph_8_8_1,8,8,1,"{(0, 1)}",16,8112,0.0010061264038085938
Graph_8_8_2,8,8,1,"{(0, 5)}",16,8112,0.0032525062561035156
Graph_8_8_3,8,8,1,"{(1, 5)}",24,8204,0.001008749008178711
Graph_8_8_4,8,8,1,"{(0, 7)}",24,8204,0.0030035972595214844
Graph_8_15_0,8,15,1,"{(2, 5)}",16,8175,0.002673625946044922
Graph_8_15_1,8,15,3,"{(3, 7), (5, 7), (2, 7)}",16,8175,0.003823518753051758
Graph_8_15_2,8,15,2,"{(6, 7), (4, 7)}",16,8175,0.0035858154296875
Graph_8_15_3,8,15,1,"{(3, 5)}",16,8175,0.0019106864929199219
Graph_8_15_4,8,15,3,"{(4, 5), (3, 5), (0, 5)}",16,8175,0.003779888153076172
Graph_8_22_0,8,22,3,"{(0, 3), (1, 3), (3, 6)}",16,8238,0.0040743350982666016
Graph_8_22_1,8,22,4,"{(2, 4), (1, 2), (2, 5), (2, 6)}",16,8238,0.0003750324249267578
Graph_8_22_2,8,22,4,"{(2, 3), (0, 3), (1, 3), (3, 5)}",16,8238,0.0041713714599609375
Graph_8_22_3,8,22,4,"{(0, 1), (0, 3), (0, 4), (0, 6)}",16,8238,0.004667997360229492
Graph_8_22_4,8,22,4,"{(1, 2), (2, 5), (2, 7), (2, 6)}",16,8238,0.0009961128234863281
Graph_8_28_0,8,28,7,"{(3, 4), (3, 7), (0, 3), (2, 3), (3, 6), (1, 3), (3, 5)}",16,8292,0.004056692123413086
Graph_9_8_0,9,8,1,"{(3, 8)}",18,9126,0.003816843032836914
Graph_9_8_1,9,8,1,"{(0, 6)}",18,9126,0.0041501522064208984
Graph_9_8_2,9,8,1,"{(1, 4)}",18,9126,0.003010988235473633
Graph_9_8_3,9,8,1,"{(3, 4)}",18,9126,0.002254009246826172
Graph_9_8_4,9,8,1,"{(1, 5)}",18,9126,0.0
Graph_9_10_0,9,10,2,"{(3, 7), (3, 6)}",18,9144,0.00422978401184082
Graph_9_10_1,9,10,1,"{(1, 2)}",18,9144,0.0020325183868408203
Graph_9_10_2,9,10,1,"{(2, 8)}",27,9256,0.0030105113983154297
Graph_9_10_3,9,10,1,"{(3, 6)}",18,9144,0.0004036426544189453
Graph_9_10_4,9,10,1,"{(5, 7)}",18,9144,0.005802154541015625
Graph_9_19_0,9,19,2,"{(5, 6), (0, 5)}",18,9225,0.004004955291748047
Graph_9_19_1,9,19,2,"{(0, 3), (0, 6)}",18,9225,0.0032455921173095703
Graph_9_19_2,9,19,2,"{(2, 5), (2, 8)}",18,9225,0.0009436607360839844
Graph_9_19_3,9,19,2,"{(2, 3), (1, 3)}",18,9225,0.004134654998779297
Graph_9_19_4,9,19,2,"{(1, 6), (1, 3)}",18,9225,0.0041463375091552734
Graph_9_28_0,9,28,4,"{(2, 3), (3, 7), (1, 3), (3, 6)}",18,9306,0.0010051727294921875
Graph_9_28_1,9,28,4,"{(0, 2), (1, 2), (2, 6), (2, 4)}",18,9306,0.004843235015869141
Graph_9_28_2,9,28,4,"{(1, 6), (1, 7), (1, 8), (1, 3)}",18,9306,0.004712820053100586
Graph_9_28_3,9,28,5,"{(0, 1), (0, 4), (0, 3), (0, 2), (0, 5)}",18,9306,0.004026651382446289
Graph_9_28_4,9,28,4,"{(1, 6), (1, 2), (1, 3), (1, 5)}",18,9306,0.004565000534057617
Graph_9_36_0,9,36,8,"{(3, 8), (3, 4), (3, 7), (0, 3), (2, 3), (3, 6), (1, 3), (3, 5)}",18,9378,0.0052738189697265625
Graph_10_9_0,10,9,1,"{(4, 6)}",30,10272,0.004227399826049805
Graph_10_9_1,10,9,1,"{(2, 6)}",20,10151,0.004435300827026367
Graph_10_9_2,10,9,1,"{(4, 8)}",20,10151,0.005140542984008789
Graph_10_9_3,10,9,1,"{(0, 6)}",20,10151,0.004023313522338867
Graph_10_9_4,10,9,1,"{(3, 8)}",20,10151,0.003858327865600586
Graph_10_12_0,10,12,2,"{(4, 7), (2, 8)}",20,10178,0.004866123199462891
Graph_10_12_1,10,12,1,"{(5, 6)}",30,10311,0.003954172134399414
Graph_10_12_2,10,12,1,"{(3, 9)}",30,10311,0.0
Graph_10_12_3,10,12,1,"{(3, 4)}",20,10178,0.0032520294189453125
Graph_10_12_4,10,12,1,"{(3, 8)}",20,10178,0.003895282745361328
Graph_10_23_0,10,23,2,"{(2, 5), (5, 6)}",20,10277,0.005159616470336914
Graph_10_23_1,10,23,3,"{(2, 3), (2, 7), (2, 8)}",20,10277,0.005011081695556641
Graph_10_23_2,10,23,3,"{(6, 7), (6, 8), (4, 6)}",20,10277,0.004250049591064453
Graph_10_23_3,10,23,2,"{(0, 8), (8, 9)}",20,10277,0.0043354034423828125
Graph_10_23_4,10,23,2,"{(3, 7), (3, 4)}",20,10277,0.004906415939331055
Graph_10_34_0,10,34,6,"{(2, 7), (3, 7), (7, 9), (1, 7), (4, 7), (7, 8)}",20,10376,0.004202127456665039
Graph_10_34_1,10,34,5,"{(6, 8), (4, 6), (0, 6), (6, 7), (5, 6)}",20,10376,0.006714820861816406
Graph_10_34_2,10,34,5,"{(0, 1), (0, 4), (0, 3), (0, 6), (0, 2)}",20,10376,0.0056018829345703125
Graph_10_34_3,10,34,5,"{(1, 2), (1, 5), (1, 4), (1, 7), (1, 3)}",20,10376,0.0050127506256103516
Graph_10_34_4,10,34,6,"{(2, 4), (0, 4), (3, 4), (4, 9), (4, 8), (4, 7)}",20,10376,0.005767345428466797
Graph_10_45_0,10,45,9,"{(2, 4), (0, 4), (3, 4), (4, 9), (4, 6), (1, 4), (4, 5), (4, 8), (4, 7)}",20,10475,0.004868507385253906
Graph_11_10_0,11,10,1,"{(0, 6)}",22,11178,0.004777431488037109
Graph_11_10_1,11,10,1,"{(4, 10)}",22,11178,0.0018734931945800781
Graph_11_10_2,11,10,1,"{(3, 6)}",22,11178,0.004571676254272461
Graph_11_10_3,11,10,1,"{(2, 10)}",22,11178,0.0040628910064697266
Graph_11_10_4,11,10,1,"{(4, 9)}",22,11178,0.0055353641510009766
Graph_11_14_0,11,14,1,"{(2, 3)}",22,11214,0.0
Graph_11_14_1,11,14,1,"{(2, 8)}",22,11214,0.0043506622314453125
Graph_11_14_2,11,14,1,"{(2, 3)}",33,11369,0.0047473907470703125
Graph_11_14_3,11,14,1,"{(3, 7)}",33,11369,0.00414729118347168
Graph_11_14_4,11,14,1,"{(1, 6)}",33,11369,0.004507541656494141
Graph_11_28_0,11,28,2,"{(1, 3), (3, 10)}",22,11340,0.004341840744018555
Graph_11_28_1,11,28,3,"{(2, 3), (2, 6), (2, 7)}",22,11340,0.005011081695556641
Graph_11_28_2,11,28,4,"{(2, 3), (3, 8), (3, 9), (3, 4)}",22,11340,0.006388664245605469
Graph_11_28_3,11,28,3,"{(2, 3), (2, 4), (2, 6)}",22,11340,0.004946708679199219
Graph_11_28_4,11,28,3,"{(6, 8), (8, 10), (4, 8)}",22,11340,0.0052852630615234375
Graph_11_42_0,11,42,4,"{(2, 3), (3, 7), (1, 3), (3, 10)}",22,11466,0.005857229232788086
Graph_11_42_1,11,42,6,"{(2, 4), (2, 7), (2, 10), (2, 3), (0, 2), (2, 6)}",22,11466,0.005412578582763672
Graph_11_42_2,11,42,6,"{(3, 8), (3, 4), (3, 7), (0, 3), (3, 10), (2, 3)}",22,11466,0.005705118179321289
Graph_11_42_3,11,42,6,"{(1, 2), (1, 5), (1, 10), (1, 6), (1, 3), (1, 9)}",22,11466,0.005552530288696289
Graph_11_42_4,11,42,5,"{(6, 8), (0, 6), (6, 7), (3, 6), (6, 9)}",22,11466,0.005412101745605469
Graph_11_55_0,11,55,10,"{(4, 10), (2, 4), (0, 4), (3, 4), (4, 9), (4, 6), (1, 4), (4, 5), (4, 8), (4, 7)}",22,11583,0.005487918853759766
Graph_12_11_0,12,11,1,"{(0, 1)}",24,12207,0.00404667854309082
Graph_12_11_1,12,11,1,"{(0, 4)}",24,12207,0.004495382308959961
Graph_12_11_2,12,11,1,"{(5, 9)}",24,12207,0.004580497741699219
Graph_12_11_3,12,11,1,"{(1, 11)}",24,12207,0.00489354133605957
Graph_12_11_4,12,11,1,"{(0, 11)}",24,12207,0.0012044906616210938
Graph_12_17_0,12,17,1,"{(4, 7)}",36,12443,0.004747629165649414
Graph_12_17_1,12,17,1,"{(3, 7)}",24,12261,0.004838228225708008
Graph_12_17_2,12,17,1,"{(10, 11)}",36,12443,0.00467991828918457
Graph_12_17_3,12,17,1,"{(2, 3)}",24,12261,0.004695415496826172
Graph_12_17_4,12,17,1,"{(4, 8)}",36,12443,0.004869222640991211
Graph_12_34_0,12,34,2,"{(3, 11), (3, 6)}",24,12414,0.00565028190612793
Graph_12_34_1,12,34,3,"{(4, 5), (5, 11), (5, 6)}",24,12414,0.005509376525878906
Graph_12_34_2,12,34,2,"{(3, 5), (3, 11)}",24,12414,0.005736112594604492
Graph_12_34_3,12,34,3,"{(0, 3), (0, 5), (0, 6)}",24,12414,0.0053577423095703125
Graph_12_34_4,12,34,5,"{(0, 7), (5, 7), (1, 7), (7, 11), (7, 8)}",24,12414,0.005006074905395508
Graph_12_50_0,12,50,6,"{(3, 8), (3, 7), (2, 3), (3, 6), (1, 3), (3, 11)}",36,12872,0.0071485042572021484
Graph_12_50_1,12,50,7,"{(9, 10), (4, 9), (9, 11), (0, 9), (3, 9), (5, 9), (1, 9)}",24,12558,0.007055044174194336
Graph_12_50_2,12,50,7,"{(10, 11), (5, 11), (6, 11), (9, 11), (4, 11), (7, 11), (2, 11)}",24,12558,0.002916097640991211
Graph_12_50_3,12,50,6,"{(9, 10), (9, 11), (7, 9), (8, 9), (3, 9), (5, 9)}",24,12558,0.005771160125732422
Graph_12_50_4,12,50,7,"{(2, 4), (1, 2), (0, 2), (2, 6), (2, 5), (2, 11), (2, 8)}",24,12558,0.0066378116607666016
Graph_12_66_0,12,66,11,"{(5, 11), (1, 5), (5, 8), (5, 7), (4, 5), (5, 10), (5, 6), (0, 5), (5, 9), (2, 5), (3, 5)}",24,12702,0.007082462310791016
Graph_13_12_0,13,12,1,"{(1, 2)}",26,13238,0.004438638687133789
Graph_13_12_1,13,12,1,"{(3, 5)}",26,13238,0.004015445709228516
Graph_13_12_2,13,12,1,"{(4, 6)}",26,13238,0.0053327083587646484
Graph_13_12_3,13,12,1,"{(4, 7)}",39,13416,0.0008599758148193359
Graph_13_12_4,13,12,1,"{(3, 8)}",26,13238,0.004904270172119141
Graph_13_20_0,13,20,1,"{(4, 7)}",26,13310,0.004503011703491211
Graph_13_20_1,13,20,1,"{(2, 3)}",26,13310,0.0047149658203125
Graph_13_20_2,13,20,2,"{(1, 2), (2, 6)}",39,13520,0.005259275436401367
Graph_13_20_3,13,20,1,"{(2, 3)}",39,13520,0.004925251007080078
Graph_13_20_4,13,20,1,"{(9, 11)}",39,13520,0.00500178337097168
Graph_13_40_0,13,40,3,"{(3, 10), (3, 11), (3, 6)}",26,13490,0.006850719451904297
Graph_13_40_1,13,40,2,"{(2, 9), (1, 2)}",26,13490,0.006153583526611328
Graph_13_40_2,13,40,3,"{(0, 8), (8, 9), (6, 8)}",26,13490,0.006641864776611328
Graph_13_40_3,13,40,2,"{(2, 11), (6, 11)}",26,13490,0.006083965301513672
Graph_13_40_4,13,40,4,"{(2, 9), (1, 2), (2, 11), (2, 7)}",26,13490,0.0069310665130615234
Graph_13_59_0,13,59,7,"{(1, 5), (5, 8), (5, 7), (4, 5), (5, 6), (0, 5), (5, 12)}",26,13661,0.006653308868408203
Graph_13_59_1,13,59,6,"{(4, 9), (9, 12), (0, 9), (3, 9), (9, 11), (1, 9)}",26,13661,0.000980377197265625
Graph_13_59_2,13,59,7,"{(5, 11), (6, 11), (1, 11), (7, 11), (2, 11), (0, 11), (3, 11)}",26,13661,0.007260560989379883
Graph_13_59_3,13,59,7,"{(10, 11), (0, 10), (7, 10), (2, 10), (3, 10), (6, 10), (1, 10)}",26,13661,0.006726980209350586
Graph_13_59_4,13,59,7,"{(6, 12), (9, 12), (4, 12), (7, 12), (2, 12), (3, 12), (5, 12)}",26,13661,0.0028717517852783203
Graph_13_78_0,13,78,12,"{(5, 11), (1, 5), (5, 8), (5, 7), (4, 5), (5, 10), (5, 6), (0, 5), (5, 9), (2, 5), (5, 12), (3, 5)}",26,13832,0.008749246597290039
Graph_14_13_0,14,13,1,"{(2, 4)}",28,14271,0.0060122013092041016
Graph_14_13_1,14,13,1,"{(5, 11)}",28,14271,0.00582432746887207
Graph_14_13_2,14,13,1,"{(2, 3)}",28,14271,0.0048427581787109375
Graph_14_13_3,14,13,1,"{(3, 9)}",28,14271,0.004459857940673828
Graph_14_13_4,14,13,1,"{(4, 6)}",28,14271,0.0044193267822265625
Graph_14_23_0,14,23,1,"{(5, 9)}",42,14600,0.005409717559814453
Graph_14_23_1,14,23,1,"{(8, 10)}",28,14361,0.005794048309326172
Graph_14_23_2,14,23,1,"{(3, 7)}",28,14361,0.0051572322845458984
Graph_14_23_3,14,23,2,"{(6, 12), (2, 8)}",28,14361,0.004857063293457031
Graph_14_23_4,14,23,1,"{(2, 12)}",42,14600,0.0053043365478515625
Graph_14_46_0,14,46,2,"{(3, 13), (3, 10)}",28,14568,0.005563974380493164
Graph_14_46_1,14,46,4,"{(2, 9), (1, 2), (2, 5), (2, 6)}",42,14899,0.005720853805541992
Graph_14_46_2,14,46,4,"{(1, 6), (1, 10), (1, 13), (1, 4)}",28,14568,0.005454540252685547
Graph_14_46_3,14,46,5,"{(10, 11), (6, 11), (4, 11), (2, 11), (0, 11)}",28,14568,0.0053501129150390625
Graph_14_46_4,14,46,4,"{(2, 10), (1, 2), (2, 11), (2, 7)}",28,14568,0.0066089630126953125
Graph_14_69_0,14,69,8,"{(3, 8), (5, 8), (6, 8), (8, 10), (8, 9), (8, 12), (0, 8), (8, 11)}",28,14775,0.00808858871459961
Graph_14_69_1,14,69,8,"{(6, 8), (4, 6), (0, 6), (6, 7), (6, 13), (2, 6), (6, 10), (1, 6)}",28,14775,0.012259244918823242
Graph_14_69_2,14,69,8,"{(0, 4), (4, 13), (4, 9), (4, 6), (4, 12), (4, 5), (4, 11), (4, 7)}",28,14775,0.012217998504638672
Graph_14_69_3,14,69,6,"{(1, 2), (1, 8), (1, 7), (1, 6), (1, 3), (1, 9)}",28,14775,0.011902570724487305
Graph_14_69_4,14,69,9,"{(6, 12), (6, 11), (6, 8), (4, 6), (6, 13), (2, 6), (5, 6), (3, 6), (1, 6)}",28,14775,0.007725954055786133
Graph_14_91_0,14,91,13,"{(6, 12), (6, 11), (6, 8), (4, 6), (0, 6), (6, 7), (6, 13), (2, 6), (5, 6), (6, 10), (3, 6), (1, 6), (6, 9)}",28,14973,0.008124589920043945
Graph_15_14_0,15,14,1,"{(8, 11)}",30,15306,0.0030159950256347656
Graph_15_14_1,15,14,1,"{(4, 14)}",30,15306,0.0076177120208740234
Graph_15_14_2,15,14,1,"{(6, 9)}",30,15306,0.004956483840942383
Graph_15_14_3,15,14,1,"{(3, 12)}",45,15527,0.005774259567260742
Graph_15_14_4,15,14,1,"{(0, 10)}",45,15527,0.0063784122467041016
Graph_15_27_0,15,27,1,"{(2, 5)}",30,15423,0.006219148635864258
Graph_15_27_1,15,27,1,"{(0, 10)}",30,15423,0.0061855316162109375
Graph_15_27_2,15,27,4,"{(7, 10), (10, 11), (8, 10), (1, 10)}",45,15696,0.006689548492431641
Graph_15_27_3,15,27,1,"{(2, 3)}",30,15423,0.006682157516479492
Graph_15_27_4,15,27,2,"{(6, 14), (2, 6)}",30,15423,0.006048440933227539
Graph_15_53_0,15,53,4,"{(5, 7), (2, 5), (0, 5), (1, 5)}",30,15657,0.007579326629638672
Graph_15_53_1,15,53,5,"{(0, 1), (1, 2), (1, 8), (1, 10), (1, 9)}",30,15657,0.0033173561096191406
Graph_15_53_2,15,53,5,"{(9, 10), (4, 9), (8, 9), (9, 14), (1, 9)}",30,15657,0.00824427604675293
Graph_15_53_3,15,53,5,"{(10, 11), (2, 10), (8, 10), (3, 10), (6, 10)}",30,15657,0.008045196533203125
Graph_15_53_4,15,53,4,"{(8, 14), (3, 8), (8, 9), (6, 8)}",45,16034,0.007474184036254883
Graph_15_79_0,15,79,9,"{(5, 11), (1, 5), (5, 8), (5, 7), (4, 5), (5, 6), (0, 5), (2, 5), (5, 12)}",30,15891,0.009102106094360352
Graph_15_79_1,15,79,8,"{(1, 2), (1, 4), (1, 7), (1, 13), (1, 10), (1, 6), (1, 3), (1, 9)}",30,15891,0.009259462356567383
Graph_15_79_2,15,79,9,"{(6, 11), (6, 8), (4, 6), (6, 14), (6, 7), (5, 6), (6, 10), (3, 6), (1, 6)}",30,15891,0.00814509391784668
Graph_15_79_3,15,79,7,"{(2, 14), (2, 4), (1, 2), (2, 10), (2, 9), (2, 5), (2, 8)}",30,15891,0.008252143859863281
Graph_15_79_4,15,79,8,"{(2, 4), (0, 4), (3, 4), (4, 6), (1, 4), (4, 8), (4, 14), (4, 11)}",30,15891,0.0034699440002441406
Graph_15_105_0,15,105,14,"{(6, 12), (6, 11), (6, 8), (4, 6), (6, 14), (0, 6), (6, 7), (6, 13), (2, 6), (5, 6), (6, 10), (3, 6), (1, 6), (6, 9)}",30,16125,0.009374618530273438
Graph_16_16_0,16,16,1,"{(0, 4)}",32,16352,0.0037031173706054688
Graph_16_16_1,16,16,1,"{(0, 7)}",32,16352,0.005909442901611328
Graph_16_16_2,16,16,1,"{(8, 14)}",32,16352,0.005270242691040039
Graph_16_16_3,16,16,1,"{(0, 3)}",32,16352,0.005473613739013672
Graph_16_16_4,16,16,1,"{(2, 7)}",32,16352,0.0058786869049072266
Graph_16_31_0,16,31,2,"{(6, 15), (5, 6)}",32,16487,0.005006313323974609
Graph_16_31_1,16,31,1,"{(9, 13)}",32,16487,0.005563259124755859
Graph_16_31_2,16,31,2,"{(11, 14), (7, 14)}",48,16795,0.004979848861694336
Graph_16_31_3,16,31,2,"{(11, 12), (3, 11)}",32,16487,0.0053975582122802734
Graph_16_31_4,16,31,1,"{(2, 4)}",32,16487,0.0057718753814697266
Graph_16_61_0,16,61,2,"{(11, 12), (3, 11)}",32,16757,0.007828235626220703
Graph_16_61_1,16,61,4,"{(2, 9), (2, 11), (2, 15), (2, 13)}",48,17185,0.0071563720703125
Graph_16_61_2,16,61,5,"{(3, 8), (3, 14), (3, 10), (2, 3), (3, 11)}",48,17185,0.008231401443481445
Graph_16_61_3,16,61,5,"{(10, 15), (10, 11), (7, 10), (3, 10), (10, 12)}",32,16757,0.007988691329956055
Graph_16_61_4,16,61,4,"{(8, 15), (8, 14), (5, 8), (2, 8)}",32,16757,0.00823664665222168
Graph_16_91_0,16,91,10,"{(10, 11), (6, 11), (1, 11), (11, 12), (9, 11), (4, 11), (7, 11), (2, 11), (8, 11), (3, 11)}",32,17027,0.009220123291015625
Graph_16_91_1,16,91,7,"{(2, 4), (2, 10), (2, 13), (2, 6), (2, 15), (2, 5), (2, 11)}",32,17027,0.010236263275146484
Graph_16_91_2,16,91,9,"{(4, 10), (0, 10), (10, 14), (2, 10), (8, 10), (10, 13), (6, 10), (1, 10), (10, 12)}",32,17027,0.008888006210327148
Graph_16_91_3,16,91,10,"{(6, 12), (9, 12), (0, 12), (7, 12), (2, 12), (12, 15), (3, 12), (10, 12), (5, 12), (12, 14)}",32,17027,0.009488344192504883
Graph_16_91_4,16,91,9,"{(3, 8), (3, 14), (3, 4), (0, 3), (2, 3), (3, 9), (3, 12), (1, 3), (3, 5)}",32,17027,0.010428428649902344
Graph_16_120_0,16,120,15,"{(0, 7), (2, 7), (3, 7), (7, 10), (7, 13), (5, 7), (7, 9), (6, 7), (1, 7), (7, 12), (7, 15), (7, 11), (4, 7), (7, 8), (7, 14)}",32,17288,0.010015726089477539
Graph_17_18_0,17,18,1,"{(0, 9)}",34,17400,0.008589982986450195
Graph_17_18_1,17,18,1,"{(7, 9)}",51,17676,0.004174947738647461
Graph_17_18_2,17,18,1,"{(6, 7)}",34,17400,0.00530552864074707
Graph_17_18_3,17,18,1,"{(3, 11)}",34,17400,0.006284952163696289
Graph_17_18_4,17,18,1,"{(4, 5)}",34,17400,0.00435185432434082
Graph_17_35_0,17,35,1,"{(6, 16)}",51,17897,0.005418062210083008
Graph_17_35_1,17,35,2,"{(9, 13), (4, 13)}",68,18241,0.005321979522705078
Graph_17_35_2,17,35,1,"{(14, 16)}",51,17897,0.007466793060302734
Graph_17_35_3,17,35,2,"{(8, 13), (3, 8)}",34,17553,0.006450653076171875
Graph_17_35_4,17,35,2,"{(12, 16), (12, 15)}",34,17553,0.00728297233581543
Graph_17_69_0,17,69,3,"{(11, 12), (11, 13), (3, 11)}",34,17859,0.008846521377563477
Graph_17_69_1,17,69,6,"{(0, 4), (4, 13), (3, 4), (4, 15), (4, 8), (4, 7)}",34,17859,0.007941484451293945
Graph_17_69_2,17,69,5,"{(6, 7), (2, 6), (6, 10), (6, 16), (6, 9)}",34,17859,0.008082151412963867
Graph_17_69_3,17,69,6,"{(6, 12), (6, 11), (4, 6), (6, 7), (2, 6), (6, 16)}",34,17859,0.008649110794067383
Graph_17_69_4,17,69,5,"{(8, 14), (1, 8), (8, 15), (7, 8), (2, 8)}",34,17859,0.004261493682861328
Graph_17_103_0,17,103,9,"{(5, 15), (1, 5), (5, 7), (5, 13), (5, 6), (0, 5), (5, 9), (2, 5), (5, 12)}",34,18165,0.01052236557006836
Graph_17_103_1,17,103,8,"{(5, 11), (1, 5), (5, 13), (4, 5), (5, 16), (5, 9), (2, 5), (3, 5)}",34,18165,0.010915279388427734
Graph_17_103_2,17,103,8,"{(3, 8), (8, 14), (5, 8), (8, 10), (8, 16), (8, 13), (4, 8), (2, 8)}",34,18165,0.010262012481689453
Graph_17_103_3,17,103,8,"{(5, 15), (6, 15), (1, 15), (9, 15), (4, 15), (11, 15), (13, 15), (8, 15)}",34,18165,0.011781692504882812
Graph_17_103_4,17,103,10,"{(6, 15), (6, 8), (4, 6), (0, 6), (6, 7), (6, 13), (2, 6), (6, 10), (1, 6), (6, 9)}",34,18165,0.01037454605102539
Graph_17_136_0,17,136,16,"{(0, 7), (2, 7), (3, 7), (7, 10), (7, 16), (7, 13), (5, 7), (7, 9), (6, 7), (1, 7), (7, 12), (7, 15), (7, 11), (4, 7), (7, 8), (7, 14)}",34,18462,0.008319377899169922
Graph_18_20_0,18,20,1,"{(3, 10)}",36,18450,0.010607242584228516
Graph_18_20_1,18,20,1,"{(1, 11)}",54,18755,0.003278493881225586
Graph_18_20_2,18,20,1,"{(7, 8)}",36,18450,0.005776643753051758
Graph_18_20_3,18,20,1,"{(9, 12)}",36,18450,0.005693197250366211
Graph_18_20_4,18,20,1,"{(8, 11)}",36,18450,0.005449771881103516
Graph_18_39_0,18,39,1,"{(8, 14)}",36,18621,0.00833749771118164
Graph_18_39_1,18,39,3,"{(2, 3), (3, 13), (3, 14)}",36,18621,0.00699305534362793
Graph_18_39_2,18,39,2,"{(0, 3), (0, 9)}",72,19383,0.0044879913330078125
Graph_18_39_3,18,39,2,"{(5, 9), (9, 16)}",36,18621,0.005937099456787109
Graph_18_39_4,18,39,2,"{(2, 15), (2, 10)}",54,19002,0.007237911224365234
Graph_18_77_0,18,77,6,"{(5, 8), (5, 13), (5, 6), (0, 5), (2, 5), (5, 12)}",36,18963,0.009003400802612305
Graph_18_77_1,18,77,6,"{(3, 14), (10, 14), (1, 14), (4, 14), (11, 14), (12, 14)}",36,18963,0.009846925735473633
Graph_18_77_2,18,77,5,"{(0, 4), (0, 9), (0, 15), (0, 14), (0, 11)}",36,18963,0.009385824203491211
Graph_18_77_3,18,77,6,"{(3, 7), (0, 3), (3, 9), (3, 6), (3, 15), (3, 5)}",36,18963,0.010165214538574219
Graph_18_77_4,18,77,6,"{(13, 14), (1, 14), (14, 16), (9, 14), (0, 14), (12, 14)}",36,18963,0.009903192520141602
Graph_18_115_0,18,115,11,"{(4, 10), (2, 4), (0, 4), (3, 4), (4, 13), (4, 9), (4, 6), (4, 15), (4, 8), (4, 14), (4, 7)}",36,19305,0.010406732559204102
Graph_18_115_1,18,115,11,"{(5, 11), (1, 5), (5, 17), (5, 7), (5, 13), (4, 5), (5, 16), (5, 9), (2, 5), (5, 12), (3, 5)}",36,19305,0.010637760162353516
Graph_18_115_2,18,115,11,"{(4, 10), (4, 16), (0, 4), (4, 13), (4, 9), (4, 6), (4, 5), (4, 8), (4, 11), (4, 17), (4, 7)}",36,19305,0.008912086486816406
Graph_18_115_3,18,115,10,"{(2, 14), (2, 4), (1, 2), (2, 17), (2, 10), (2, 3), (2, 9), (2, 6), (2, 15), (2, 5)}",36,19305,0.014220714569091797
Graph_18_115_4,18,115,11,"{(3, 8), (6, 8), (8, 10), (8, 16), (8, 13), (4, 8), (8, 12), (8, 11), (0, 8), (7, 8), (2, 8)}",36,19305,0.013848066329956055
Graph_18_153_0,18,153,17,"{(3, 8), (8, 14), (8, 17), (5, 8), (6, 8), (1, 8), (8, 10), (8, 16), (8, 13), (8, 9), (4, 8), (8, 12), (8, 11), (0, 8), (8, 15), (7, 8), (2, 8)}",36,19647,0.015056371688842773
Graph_19_22_0,19,22,1,"{(0, 8)}",38,19502,0.007149457931518555
Graph_19_22_1,19,22,1,"{(1, 2)}",95,20507,0.007065296173095703
Graph_19_22_2,19,22,1,"{(7, 13)}",38,19502,0.0023488998413085938
Graph_19_22_3,19,22,1,"{(0, 7)}",38,19502,0.005810976028442383
Graph_19_22_4,19,22,1,"{(9, 12)}",38,19502,0.006951570510864258
Graph_19_43_0,19,43,1,"{(11, 17)}",57,20110,0.007174968719482422
Graph_19_43_1,19,43,2,"{(8, 14), (14, 16)}",38,19691,0.008181333541870117
Graph_19_43_2,19,43,2,"{(2, 15), (2, 13)}",57,20110,0.008355855941772461
Graph_19_43_3,19,43,1,"{(2, 12)}",38,19691,0.008088111877441406
Graph_19_43_4,19,43,3,"{(3, 7), (3, 10), (3, 11)}",38,19691,0.008585929870605469
Graph_19_86_0,19,86,4,"{(14, 18), (17, 18), (10, 18), (13, 18)}",38,20078,0.012548685073852539
Graph_19_86_1,19,86,5,"{(2, 4), (2, 13), (2, 9), (2, 6), (2, 11)}",38,20078,0.010116815567016602
Graph_19_86_2,19,86,5,"{(4, 9), (9, 15), (9, 11), (6, 9), (1, 9)}",38,20078,0.010291814804077148
Graph_19_86_3,19,86,5,"{(8, 14), (8, 17), (5, 8), (4, 8), (2, 8)}",38,20078,0.010139942169189453
Graph_19_86_4,19,86,7,"{(4, 16), (4, 13), (4, 9), (4, 5), (4, 8), (4, 14), (4, 7)}",38,20078,0.009853124618530273
Graph_19_129_0,19,129,10,"{(6, 12), (6, 15), (6, 8), (6, 14), (6, 17), (2, 6), (5, 6), (6, 16), (1, 6), (6, 9)}",38,20465,0.012056827545166016
Graph_19_129_1,19,129,11,"{(2, 14), (2, 4), (1, 2), (2, 17), (2, 7), (2, 10), (2, 16), (2, 13), (2, 3), (2, 15), (2, 8)}",38,20465,0.011738777160644531
Graph_19_129_2,19,129,10,"{(10, 15), (1, 15), (15, 17), (15, 16), (0, 15), (12, 15), (7, 15), (2, 15), (13, 15), (8, 15)}",38,20465,0.010655641555786133
Graph_19_129_3,19,129,11,"{(2, 14), (2, 4), (1, 2), (2, 17), (2, 7), (2, 10), (2, 3), (2, 9), (0, 2), (2, 6), (2, 15)}",38,20465,0.015562772750854492
Graph_19_129_4,19,129,10,"{(3, 8), (3, 14), (3, 4), (3, 7), (0, 3), (3, 16), (2, 3), (3, 9), (3, 12), (3, 5)}",38,20465,0.010097026824951172
Graph_19_171_0,19,171,18,"{(3, 8), (8, 14), (8, 17), (5, 8), (6, 8), (1, 8), (8, 10), (8, 16), (8, 13), (8, 9), (4, 8), (8, 12), (8, 11), (8, 18), (0, 8), (8, 15), (7, 8), (2, 8)}",38,20843,0.013882637023925781
Graph_20_24_0,20,24,1,"{(1, 4)}",60,20922,0.005544424057006836
Graph_20_24_1,20,24,2,"{(7, 16), (4, 11)}",40,20556,0.007363080978393555
Graph_20_24_2,20,24,1,"{(15, 18)}",40,20556,0.007029533386230469
Graph_20_24_3,20,24,4,"{(4, 8), (6, 19), (1, 3), (0, 16)}",40,20556,0.007360219955444336
Graph_20_24_4,20,24,1,"{(2, 19)}",40,20556,0.006761789321899414
Graph_20_48_0,20,48,1,"{(11, 17)}",40,20772,0.0034792423248291016
Graph_20_48_1,20,48,3,"{(2, 9), (0, 2), (2, 16)}",40,20772,0.008146286010742188
Graph_20_48_2,20,48,3,"{(0, 1), (1, 12), (1, 18)}",60,21234,0.00900411605834961
Graph_20_48_3,20,48,3,"{(15, 18), (4, 18), (2, 18)}",80,21696,0.00856637954711914
Graph_20_48_4,20,48,2,"{(8, 14), (7, 8)}",40,20772,0.008181571960449219
two_K55_with_bridge,20,51,1,"{(0, 10)}",20,20325,0.008107900619506836
Graph_20_96_0,20,96,7,"{(6, 14), (6, 17), (2, 6), (5, 6), (6, 16), (1, 6), (6, 9)}",40,21204,0.011019229888916016
Graph_20_96_1,20,96,6,"{(2, 4), (2, 13), (2, 19), (2, 9), (2, 5), (2, 11)}",40,21204,0.009467363357543945
Graph_20_96_2,20,96,5,"{(4, 9), (9, 15), (9, 18), (9, 17), (1, 9)}",40,21204,0.01394033432006836
Graph_20_96_3,20,96,5,"{(8, 14), (3, 8), (5, 8), (8, 15), (2, 8)}",40,21204,0.012307882308959961
Graph_20_96_4,20,96,6,"{(0, 13), (11, 13), (8, 13), (3, 13), (6, 13), (13, 15)}",40,21204,0.010453224182128906
Graph_20_143_0,20,143,12,"{(3, 14), (10, 14), (14, 17), (6, 14), (1, 14), (14, 16), (14, 19), (4, 14), (14, 18), (11, 14), (12, 14), (7, 14)}",40,21627,0.008111238479614258
Graph_20_143_1,20,143,11,"{(0, 1), (0, 7), (0, 4), (0, 16), (0, 13), (0, 9), (0, 6), (0, 15), (0, 5), (0, 18), (0, 11)}",40,21627,0.013269424438476562
Graph_20_143_2,20,143,12,"{(0, 1), (1, 12), (1, 18), (1, 2), (1, 5), (1, 11), (1, 14), (1, 17), (1, 13), (1, 10), (1, 19), (1, 3)}",60,22469,0.012609243392944336
Graph_20_143_3,20,143,12,"{(9, 10), (9, 16), (9, 19), (4, 9), (9, 12), (9, 15), (7, 9), (2, 9), (8, 9), (3, 9), (9, 11), (6, 9)}",40,21627,0.01215982437133789
Graph_20_143_4,20,143,11,"{(6, 12), (1, 12), (12, 16), (12, 13), (12, 19), (0, 12), (7, 12), (2, 12), (12, 18), (10, 12), (12, 14)}",40,21627,0.012791872024536133
Graph_20_190_0,20,190,19,"{(4, 9), (8, 9), (9, 14), (9, 11), (9, 17), (1, 9), (3, 9), (5, 9), (9, 10), (9, 16), (9, 13), (9, 19), (7, 9), (9, 12), (0, 9), (9, 15), (2, 9), (9, 18), (6, 9)}",40,22050,0.009391307830810547
Graph_21_27_0,21,27,1,"{(8, 15)}",63,22023,0.008205413818359375
Graph_21_27_1,21,27,1,"{(2, 12)}",63,22023,0.006975650787353516
Graph_21_27_2,21,27,1,"{(1, 11)}",63,22023,0.004701852798461914
Graph_21_27_3,21,27,1,"{(8, 10)}",42,21621,0.0058214664459228516
Graph_21_27_4,21,27,1,"{(1, 11)}",42,21621,0.010361909866333008
Graph_21_53_0,21,53,3,"{(3, 19), (9, 19), (2, 19)}",42,21855,0.0054280757904052734
Graph_21_53_1,21,53,3,"{(4, 15), (3, 4), (4, 8)}",63,22361,0.008646488189697266
Graph_21_53_2,21,53,2,"{(2, 5), (5, 16)}",42,21855,0.009500980377197266
Graph_21_53_3,21,53,3,"{(12, 16), (12, 17), (12, 19)}",42,21855,0.003382444381713867
Graph_21_53_4,21,53,2,"{(7, 14), (4, 14)}",63,22361,0.009249210357666016
Graph_21_106_0,21,106,7,"{(5, 15), (5, 13), (5, 10), (5, 6), (0, 5), (2, 5), (5, 12)}",42,22332,0.011000394821166992
Graph_21_106_1,21,106,6,"{(6, 13), (2, 6), (6, 10), (6, 16), (6, 19), (6, 9)}",42,22332,0.010891437530517578
Graph_21_106_2,21,106,6,"{(0, 4), (0, 13), (0, 6), (0, 18), (0, 8), (0, 11)}",42,22332,0.010710954666137695
Graph_21_106_3,21,106,6,"{(5, 8), (8, 10), (8, 16), (4, 8), (8, 12), (2, 8)}",42,22332,0.011392354965209961
Graph_21_106_4,21,106,8,"{(5, 15), (6, 15), (15, 20), (15, 18), (15, 19), (13, 15), (8, 15), (3, 15)}",42,22332,0.012196063995361328
Graph_21_158_0,21,158,13,"{(0, 1), (0, 7), (0, 4), (0, 10), (0, 13), (0, 3), (0, 9), (0, 12), (0, 2), (0, 15), (0, 5), (0, 8), (0, 11)}",42,22800,0.013423442840576172
Graph_21_158_1,21,158,10,"{(1, 5), (5, 8), (5, 7), (5, 13), (5, 20), (4, 5), (5, 6), (0, 5), (5, 9), (5, 12)}",42,22800,0.013843297958374023
Graph_21_158_2,21,158,13,"{(10, 15), (5, 15), (6, 15), (15, 20), (15, 18), (15, 16), (0, 15), (15, 19), (12, 15), (7, 15), (13, 15), (8, 15), (3, 15)}",42,22800,0.014348268508911133
Graph_21_158_3,21,158,12,"{(5, 15), (5, 14), (5, 17), (5, 18), (5, 7), (5, 13), (5, 20), (5, 10), (0, 5), (5, 9), (2, 5), (3, 5)}",42,22800,0.013698816299438477
Graph_21_158_4,21,158,14,"{(5, 11), (5, 8), (5, 14), (5, 17), (5, 7), (5, 13), (4, 5), (5, 16), (5, 6), (0, 5), (5, 19), (2, 5), (5, 12), (3, 5)}",42,22800,0.013841629028320312
Graph_21_210_0,21,210,20,"{(4, 9), (8, 9), (9, 14), (9, 11), (9, 17), (1, 9), (9, 20), (3, 9), (5, 9), (9, 10), (9, 16), (9, 13), (9, 19), (7, 9), (9, 12), (0, 9), (9, 15), (2, 9), (9, 18), (6, 9)}",42,23268,0.01607680320739746
Graph_22_29_0,22,29,1,"{(4, 12)}",66,23114,0.004705905914306641
Graph_22_29_1,22,29,1,"{(2, 6)}",44,22679,0.005680084228515625
Graph_22_29_2,22,29,2,"{(7, 15), (11, 18)}",66,23114,0.007663726806640625
Graph_22_29_3,22,29,1,"{(5, 7)}",66,23114,0.007566928863525391
Graph_22_29_4,22,29,2,"{(6, 18), (7, 18)}",44,22679,0.0025110244750976562
Graph_22_58_0,22,58,1,"{(8, 11)}",44,22940,0.00925302505493164
Graph_22_58_1,22,58,2,"{(1, 13), (10, 13)}",44,22940,0.009544849395751953
Graph_22_58_2,22,58,2,"{(17, 19), (17, 21)}",44,22940,0.010102987289428711
Graph_22_58_3,22,58,2,"{(11, 13), (11, 19)}",44,22940,0.009587526321411133
Graph_22_58_4,22,58,2,"{(5, 9), (9, 11)}",44,22940,0.010197639465332031
Graph_22_116_0,22,116,8,"{(6, 18), (6, 15), (6, 21), (6, 14), (6, 20), (2, 6), (5, 6), (6, 9)}",44,23462,0.020060062408447266
Graph_22_116_1,22,116,7,"{(3, 8), (1, 8), (8, 10), (8, 13), (4, 8), (8, 18), (8, 15)}",44,23462,0.016652584075927734
Graph_22_116_2,22,116,7,"{(5, 8), (5, 17), (5, 7), (5, 13), (4, 5), (0, 5), (5, 12)}",44,23462,0.012934207916259766
Graph_22_116_3,22,116,9,"{(15, 21), (17, 21), (6, 21), (9, 21), (4, 21), (16, 21), (14, 21), (19, 21), (3, 21)}",44,23462,0.012547492980957031
Graph_22_116_4,22,116,7,"{(0, 7), (7, 17), (3, 7), (7, 10), (7, 13), (7, 19), (7, 14)}",44,23462,0.012134790420532227
Graph_22_174_0,22,174,13,"{(18, 21), (6, 18), (1, 18), (16, 18), (18, 20), (11, 18), (2, 18), (13, 18), (8, 18), (3, 18), (17, 18), (10, 18), (5, 18)}",44,23984,0.014013528823852539
Graph_22_174_1,22,174,12,"{(16, 20), (11, 20), (17, 20), (7, 20), (2, 20), (13, 20), (8, 20), (14, 20), (18, 20), (15, 20), (9, 20), (20, 21)}",44,23984,0.013658761978149414
Graph_22_174_2,22,174,12,"{(15, 21), (10, 21), (5, 21), (6, 21), (9, 21), (4, 21), (16, 21), (11, 21), (17, 21), (2, 21), (8, 21), (3, 21)}",44,23984,0.014743804931640625
Graph_22_174_3,22,174,13,"{(12, 17), (7, 17), (2, 17), (13, 17), (8, 17), (3, 17), (17, 20), (17, 18), (5, 17), (6, 17), (9, 17), (16, 17), (0, 17)}",44,23984,0.014819860458374023
Graph_22_174_4,22,174,10,"{(10, 21), (5, 21), (9, 21), (4, 21), (0, 21), (11, 21), (17, 21), (12, 21), (8, 21), (14, 21)}",44,23984,0.01396036148071289
Graph_22_231_0,22,231,21,"{(3, 10), (5, 10), (10, 12), (10, 18), (10, 15), (10, 21), (7, 10), (9, 10), (10, 11), (0, 10), (10, 14), (2, 10), (10, 17), (10, 20), (6, 10), (4, 10), (8, 10), (10, 13), (10, 16), (1, 10), (10, 19)}",44,24497,0.022118330001831055
Graph_23_32_0,23,32,1,"{(10, 14)}",92,24694,0.006559133529663086
Graph_23_32_1,23,32,1,"{(8, 14)}",69,24221,0.008139371871948242
Graph_23_32_2,23,32,1,"{(3, 4)}",69,24221,0.00793004035949707
Graph_23_32_3,23,32,1,"{(6, 15)}",46,23748,0.004437923431396484
Graph_23_32_4,23,32,1,"{(0, 22)}",69,24221,0.0077686309814453125
Graph_23_64_0,23,64,1,"{(8, 11)}",46,24036,0.009206295013427734
Graph_23_64_1,23,64,2,"{(1, 13), (10, 13)}",46,24036,0.010300397872924805
Graph_23_64_2,23,64,3,"{(7, 17), (4, 17), (17, 21)}",46,24036,0.010202884674072266
Graph_23_64_3,23,64,3,"{(9, 16), (13, 16), (6, 16)}",46,24036,0.010127067565917969
Graph_23_64_4,23,64,1,"{(5, 9)}",46,24036,0.009781360626220703
Graph_23_127_0,23,127,6,"{(2, 4), (3, 4), (4, 22), (4, 21), (4, 8), (4, 14)}",46,24603,0.012314319610595703
Graph_23_127_1,23,127,7,"{(9, 16), (16, 20), (12, 16), (15, 16), (5, 16), (16, 21), (6, 16)}",46,24603,0.012811422348022461
Graph_23_127_2,23,127,6,"{(9, 19), (17, 19), (18, 19), (3, 19), (10, 19), (19, 21)}",46,24603,0.012902975082397461
Graph_23_127_3,23,127,7,"{(10, 21), (6, 21), (21, 22), (16, 21), (17, 21), (14, 21), (20, 21)}",46,24603,0.012570858001708984
Graph_23_127_4,23,127,7,"{(5, 15), (6, 15), (1, 15), (15, 17), (7, 15), (2, 15), (15, 18)}",46,24603,0.01297903060913086
Graph_23_190_0,23,190,12,"{(2, 4), (0, 4), (3, 4), (4, 13), (4, 9), (4, 22), (4, 15), (4, 21), (4, 8), (4, 14), (4, 7), (4, 20)}",46,25170,0.013907432556152344
Graph_23_190_1,23,190,13,"{(6, 18), (16, 18), (18, 20), (15, 18), (9, 18), (4, 18), (13, 18), (0, 18), (3, 18), (17, 18), (7, 18), (10, 18), (5, 18)}",46,25170,0.01988387107849121
Graph_23_190_2,23,190,12,"{(10, 21), (5, 21), (6, 21), (9, 21), (4, 21), (16, 21), (0, 21), (11, 21), (14, 21), (13, 21), (8, 21), (3, 21)}",46,25170,0.013775825500488281
Graph_23_190_3,23,190,14,"{(3, 8), (3, 14), (3, 4), (3, 7), (0, 3), (3, 20), (3, 15), (3, 16), (2, 3), (3, 9), (3, 6), (3, 18), (1, 3), (3, 5)}",46,25170,0.0158388614654541
Graph_23_190_4,23,190,12,"{(13, 14), (9, 13), (4, 13), (11, 13), (13, 20), (7, 13), (10, 13), (13, 19), (3, 13), (1, 13), (13, 22), (13, 15)}",46,25170,0.015864133834838867
Graph_23_253_0,23,253,22,"{(3, 10), (5, 10), (10, 12), (10, 18), (10, 15), (10, 21), (7, 10), (9, 10), (10, 11), (0, 10), (10, 14), (2, 10), (10, 17), (10, 20), (6, 10), (4, 10), (8, 10), (10, 13), (10, 16), (1, 10), (10, 19), (10, 22)}",46,25737,0.01839756965637207
Graph_24_35_0,24,35,1,"{(7, 8)}",96,25843,0.010174989700317383
Graph_24_35_1,24,35,1,"{(1, 6)}",72,25331,0.008353471755981445
Graph_24_35_2,24,35,1,"{(1, 4)}",48,24819,0.007979869842529297
Graph_24_35_3,24,35,1,"{(3, 8)}",48,24819,0.0037207603454589844
Graph_24_35_4,24,35,1,"{(2, 9)}",48,24819,0.008656024932861328
Graph_24_70_0,24,70,1,"{(8, 11)}",48,25134,0.010308504104614258
Graph_24_70_1,24,70,3,"{(8, 13), (13, 23), (10, 13)}",48,25134,0.010084152221679688
Graph_24_70_2,24,70,3,"{(17, 18), (13, 17), (17, 21)}",72,25786,0.009430170059204102
Graph_24_70_3,24,70,3,"{(6, 7), (6, 10), (6, 16)}",48,25134,0.013221025466918945
Graph_24_70_4,24,70,2,"{(0, 13), (1, 13)}",72,25786,0.011167526245117188
Graph_24_139_0,24,139,8,"{(6, 18), (6, 15), (6, 14), (6, 23), (2, 6), (5, 6), (6, 9), (6, 22)}",48,25755,0.01374197006225586
Graph_24_139_1,24,139,9,"{(11, 20), (5, 11), (11, 16), (11, 13), (11, 12), (11, 15), (11, 21), (4, 11), (3, 11)}",48,25755,0.014288187026977539
Graph_24_139_2,24,139,4,"{(18, 19), (19, 21), (17, 19), (10, 19)}",48,25755,0.01392364501953125
Graph_24_139_3,24,139,7,"{(3, 14), (14, 20), (1, 14), (14, 19), (4, 14), (11, 14), (7, 14)}",72,26683,0.013873100280761719
Graph_24_139_4,24,139,8,"{(5, 15), (6, 15), (9, 15), (15, 18), (15, 16), (7, 15), (15, 22), (14, 15)}",48,25755,0.013955831527709961
Graph_24_208_0,24,208,14,"{(2, 4), (4, 23), (3, 4), (4, 13), (4, 9), (4, 22), (1, 4), (4, 15), (4, 21), (4, 5), (4, 8), (4, 14), (4, 11), (4, 7)}",48,26376,0.020677804946899414
Graph_24_208_1,24,208,15,"{(3, 8), (3, 4), (3, 17), (3, 23), (3, 7), (0, 3), (3, 10), (3, 15), (3, 16), (3, 9), (3, 6), (3, 12), (3, 18), (1, 3), (3, 21)}",48,26376,0.01711297035217285
Graph_24_208_2,24,208,13,"{(2, 14), (2, 4), (2, 23), (2, 7), (2, 20), (2, 10), (2, 16), (2, 13), (2, 19), (2, 9), (2, 22), (2, 6), (2, 21)}",72,27580,0.013736963272094727
Graph_24_208_3,24,208,14,"{(3, 8), (3, 14), (3, 4), (3, 23), (3, 7), (3, 20), (3, 15), (3, 16), (2, 3), (3, 13), (3, 22), (3, 12), (1, 3), (3, 5)}",48,26376,0.016907930374145508
Graph_24_208_4,24,208,14,"{(18, 21), (6, 18), (1, 18), (18, 23), (18, 20), (18, 22), (9, 18), (4, 18), (16, 18), (0, 18), (14, 18), (12, 18), (15, 18), (5, 18)}",48,26376,0.021494626998901367
Graph_24_276_0,24,276,23,"{(9, 11), (11, 14), (2, 11), (0, 11), (11, 17), (11, 23), (11, 20), (6, 11), (4, 11), (8, 11), (10, 11), (11, 16), (1, 11), (11, 13), (11, 19), (11, 22), (3, 11), (5, 11), (11, 12), (11, 15), (11, 21), (11, 18), (7, 11)}",48,26988,0.023723363876342773
