graph,nodes,edges,min_cut,solutions_tested,basic_operations,time_elapsed
Graph_3_2_0,3,2,1,1,28,0.0
Graph_3_3_0,3,3,2,3,2409,0.0
Graph_4_3_0,4,3,1,1,46,0.0
Graph_4_4_0,4,4,1,2,94,0.0
Graph_4_5_0,4,5,2,6,4745,0.0
Graph_4_6_0,4,6,3,7,5403,0.016011714935302734
Graph_5_4_0,5,4,1,1,63,0.0
Graph_5_6_0,5,6,1,3,423,0.0
Graph_5_8_0,5,8,3,12,8545,0.0019516944885253906
Graph_5_10_0,5,10,4,15,10351,0.002355813980102539
Graph_6_5_0,6,5,1,1,85,0.0
Graph_6_8_0,6,8,2,13,10033,0.0
Graph_6_12_0,6,12,3,21,14498,0.0
Graph_6_15_0,6,15,5,24,17822,0.0030264854431152344
Graph_7_6_0,7,6,1,1,109,0.0
Graph_7_11_0,7,11,2,20,15371,0.002994060516357422
Graph_7_16_0,7,16,3,23,21729,0.004126548767089844
Graph_7_21_0,7,21,6,30,28311,0.0041158199310302734
Graph_8_7_0,8,7,1,1,133,0.00039577484130859375
Graph_8_7_1,8,7,1,1,137,0.0
Graph_8_7_2,8,7,1,1,134,0.0
Graph_8_7_3,8,7,1,1,132,0.0
Graph_8_7_4,8,7,1,1,136,0.0
Graph_8_8_0,8,8,1,1,154,0.0
Graph_8_8_1,8,8,1,1,139,0.0
Graph_8_8_2,8,8,1,1,160,0.0
Graph_8_8_3,8,8,1,2,275,0.0009970664978027344
Graph_8_8_4,8,8,1,1,152,0.0
Graph_8_15_0,8,15,1,1,232,0.0
Graph_8_15_1,8,15,3,25,22990,0.004005908966064453
Graph_8_15_2,8,15,2,21,22950,0.0059244632720947266
Graph_8_15_3,8,15,1,2,491,0.0
Graph_8_15_4,8,15,2,28,23100,0.003702878952026367
Graph_8_22_0,8,22,3,31,33182,0.00099945068359375
Graph_8_22_1,8,22,4,28,33087,0.0044057369232177734
Graph_8_22_2,8,22,4,25,33379,0.0023267269134521484
Graph_8_22_3,8,22,4,37,33415,0.005051136016845703
Graph_8_22_4,8,22,4,28,33129,0.004372119903564453
Graph_8_28_0,8,28,7,28,42063,0.0051462650299072266
Graph_9_8_0,9,8,1,1,162,0.0
Graph_9_8_1,9,8,1,1,169,0.0
Graph_9_8_2,9,8,1,1,162,0.0
Graph_9_8_3,9,8,1,1,174,0.0
Graph_9_8_4,9,8,1,1,163,0.0
Graph_9_10_0,9,10,1,1,195,0.0
Graph_9_10_1,9,10,1,1,195,0.0
Graph_9_10_2,9,10,1,1,209,0.0
Graph_9_10_3,9,10,1,3,538,0.0
Graph_9_10_4,9,10,1,1,195,0.0
Graph_9_19_0,9,19,2,25,32198,0.006060123443603516
Graph_9_19_1,9,19,2,24,31931,0.0054242610931396484
Graph_9_19_2,9,19,2,23,32090,0.005586147308349609
Graph_9_19_3,9,19,2,23,32046,0.005133152008056641
Graph_9_19_4,9,19,2,22,31856,0.0026023387908935547
Graph_9_28_0,9,28,4,34,46868,0.00500035285949707
Graph_9_28_1,9,28,4,36,46758,0.01007223129272461
Graph_9_28_2,9,28,4,25,46750,0.006714820861816406
Graph_9_28_3,9,28,5,29,46909,0.008180618286132812
Graph_9_28_4,9,28,4,32,46856,0.006333827972412109
Graph_9_36_0,9,36,8,30,60242,0.009010791778564453
Graph_10_9_0,10,9,1,1,198,0.0
Graph_10_9_1,10,9,1,1,194,0.0
Graph_10_9_2,10,9,1,1,200,0.0
Graph_10_9_3,10,9,1,1,203,0.0
Graph_10_9_4,10,9,1,1,193,0.0
Graph_10_12_0,10,12,1,5,1136,0.0
Graph_10_12_1,10,12,1,3,703,0.0
Graph_10_12_2,10,12,1,1,262,0.0
Graph_10_12_3,10,12,1,1,249,0.0
Graph_10_12_4,10,12,1,2,469,0.0
Graph_10_23_0,10,23,2,29,42340,0.00619053840637207
Graph_10_23_1,10,23,3,30,41920,0.006768703460693359
Graph_10_23_2,10,23,3,34,42190,0.005333662033081055
Graph_10_23_3,10,23,2,26,42415,0.008429288864135742
Graph_10_23_4,10,23,2,26,42642,0.006891012191772461
Graph_10_34_0,10,34,5,26,62359,0.009497880935668945
Graph_10_34_1,10,34,5,31,62584,0.006546974182128906
Graph_10_34_2,10,34,5,36,62530,0.012822151184082031
Graph_10_34_3,10,34,5,33,61848,0.00946664810180664
Graph_10_34_4,10,34,6,31,62243,0.00892019271850586
Graph_10_45_0,10,45,9,32,82896,0.01275324821472168
Graph_11_10_0,11,10,1,1,227,0.0009810924530029297
Graph_11_10_1,11,10,1,1,222,0.0
Graph_11_10_2,11,10,1,1,232,0.0
Graph_11_10_3,11,10,1,1,233,0.0
Graph_11_10_4,11,10,1,1,224,0.0
Graph_11_14_0,11,14,1,1,312,0.0
Graph_11_14_1,11,14,1,1,315,0.0
Graph_11_14_2,11,14,1,2,582,0.0
Graph_11_14_3,11,14,1,1,330,0.0
Graph_11_14_4,11,14,1,1,321,0.0
Graph_11_28_0,11,28,2,21,55570,0.008096694946289062
Graph_11_28_1,11,28,3,27,55743,0.009035825729370117
Graph_11_28_2,11,28,3,28,55630,0.008628368377685547
Graph_11_28_3,11,28,3,25,55455,0.007916688919067383
Graph_11_28_4,11,28,3,28,55867,0.010638713836669922
Graph_11_42_0,11,42,4,26,84012,0.013169527053833008
Graph_11_42_1,11,42,6,33,84207,0.011804342269897461
Graph_11_42_2,11,42,6,31,83977,0.012909173965454102
Graph_11_42_3,11,42,6,35,84386,0.012856006622314453
Graph_11_42_4,11,42,5,30,83515,0.011991024017333984
Graph_11_55_0,11,55,10,29,110705,0.017215967178344727
Graph_12_11_0,12,11,1,1,273,0.0
Graph_12_11_1,12,11,1,1,258,0.0
Graph_12_11_2,12,11,1,1,262,0.0
Graph_12_11_3,12,11,1,1,253,0.0
Graph_12_11_4,12,11,1,1,269,0.0
Graph_12_17_0,12,17,1,4,1533,0.0
Graph_12_17_1,12,17,1,1,385,0.0
Graph_12_17_2,12,17,1,7,2916,0.0
Graph_12_17_3,12,17,1,2,733,0.0
Graph_12_17_4,12,17,1,2,775,0.0010194778442382812
Graph_12_34_0,12,34,2,22,72833,0.01060628890991211
Graph_12_34_1,12,34,3,29,72894,0.00812840461730957
Graph_12_34_2,12,34,2,29,72322,0.014292240142822266
Graph_12_34_3,12,34,3,27,72529,0.010596990585327148
Graph_12_34_4,12,34,4,40,73086,0.01044774055480957
Graph_12_50_0,12,50,6,34,108778,0.016285419464111328
Graph_12_50_1,12,50,7,33,108200,0.014204263687133789
Graph_12_50_2,12,50,7,31,108848,0.019591569900512695
Graph_12_50_3,12,50,6,38,107901,0.015200376510620117
Graph_12_50_4,12,50,7,38,108605,0.016256093978881836
Graph_12_66_0,12,66,11,37,144063,0.02114391326904297
Graph_13_12_0,13,12,1,1,300,0.0
Graph_13_12_1,13,12,1,1,297,0.0
Graph_13_12_2,13,12,1,1,307,0.0
Graph_13_12_3,13,12,1,1,316,0.0
Graph_13_12_4,13,12,1,1,312,0.0
Graph_13_20_0,13,20,1,1,477,0.0
Graph_13_20_1,13,20,1,1,472,0.0
Graph_13_20_2,13,20,2,34,46049,0.006485462188720703
Graph_13_20_3,13,20,1,1,512,0.0
Graph_13_20_4,13,20,1,8,4203,0.0
Graph_13_40_0,13,40,3,34,92760,0.012008905410766602
Graph_13_40_1,13,40,2,29,91515,0.013850212097167969
Graph_13_40_2,13,40,3,30,92737,0.013876914978027344
Graph_13_40_3,13,40,2,31,91996,0.013942480087280273
Graph_13_40_4,13,40,4,25,92686,0.008863449096679688
Graph_13_59_0,13,59,7,35,137214,0.019846677780151367
Graph_13_59_1,13,59,6,32,136430,0.020178556442260742
Graph_13_59_2,13,59,7,35,137534,0.014795541763305664
Graph_13_59_3,13,59,7,39,137721,0.02084660530090332
Graph_13_59_4,13,59,7,34,137639,0.019960641860961914
Graph_13_78_0,13,78,12,29,182838,0.02891373634338379
Graph_14_13_0,14,13,1,1,352,0.0
Graph_14_13_1,14,13,1,1,327,0.0
Graph_14_13_2,14,13,1,1,379,0.0
Graph_14_13_3,14,13,1,1,376,0.0
Graph_14_13_4,14,13,1,1,369,0.0
Graph_14_23_0,14,23,1,1,572,0.0
Graph_14_23_1,14,23,1,5,2826,0.0
Graph_14_23_2,14,23,1,2,1174,0.0020012855529785156
Graph_14_23_3,14,23,2,24,55694,0.00875711441040039
Graph_14_23_4,14,23,1,1,602,0.0
Graph_14_46_0,14,46,2,25,113126,0.014847517013549805
Graph_14_46_1,14,46,4,26,113823,0.017864227294921875
Graph_14_46_2,14,46,4,30,113876,0.017130613327026367
Graph_14_46_3,14,46,4,32,113990,0.01599431037902832
Graph_14_46_4,14,46,4,28,114275,0.014883995056152344
Graph_14_69_0,14,69,8,34,173115,0.027456998825073242
Graph_14_69_1,14,69,8,26,173563,0.021116018295288086
Graph_14_69_2,14,69,8,32,173351,0.021984338760375977
Graph_14_69_3,14,69,6,32,172291,0.029749631881713867
Graph_14_69_4,14,69,8,36,172793,0.010267972946166992
Graph_14_91_0,14,91,13,30,230198,0.034932613372802734
Graph_15_14_0,15,14,1,1,382,0.001005411148071289
Graph_15_14_1,15,14,1,1,383,0.0
Graph_15_14_2,15,14,1,1,400,0.0
Graph_15_14_3,15,14,1,1,386,0.0010073184967041016
Graph_15_14_4,15,14,1,1,391,0.0
Graph_15_27_0,15,27,1,1,728,0.0
Graph_15_27_1,15,27,1,2,1392,0.0009922981262207031
Graph_15_27_2,15,27,2,29,69882,0.007628440856933594
Graph_15_27_3,15,27,1,5,3571,0.0
Graph_15_27_4,15,27,2,26,69009,0.014457941055297852
Graph_15_53_0,15,53,4,31,140604,0.019433021545410156
Graph_15_53_1,15,53,5,39,139594,0.01978278160095215
Graph_15_53_2,15,53,5,31,140342,0.019855737686157227
Graph_15_53_3,15,53,5,30,140527,0.01974177360534668
Graph_15_53_4,15,53,4,32,140091,0.013667583465576172
Graph_15_79_0,15,79,9,40,211483,0.027587890625
Graph_15_79_1,15,79,8,35,210803,0.03388547897338867
Graph_15_79_2,15,79,9,32,211136,0.028203248977661133
Graph_15_79_3,15,79,7,34,211578,0.018919944763183594
Graph_15_79_4,15,79,8,34,210459,0.02985525131225586
Graph_15_105_0,15,105,14,34,282129,0.041509389877319336
Graph_16_16_0,16,16,1,1,471,0.0
Graph_16_16_1,16,16,1,1,473,0.0
Graph_16_16_2,16,16,1,1,458,0.0
Graph_16_16_3,16,16,1,2,877,0.0
Graph_16_16_4,16,16,1,1,475,0.0
Graph_16_31_0,16,31,2,35,84126,0.011681079864501953
Graph_16_31_1,16,31,1,2,1717,0.0
Graph_16_31_2,16,31,2,37,85001,0.011435508728027344
Graph_16_31_3,16,31,2,33,85407,0.012347936630249023
Graph_16_31_4,16,31,1,2,1759,0.0
Graph_16_61_0,16,61,2,24,168167,0.02425074577331543
Graph_16_61_1,16,61,4,27,170429,0.021767377853393555
Graph_16_61_2,16,61,5,34,170889,0.02723097801208496
Graph_16_61_3,16,61,5,30,170334,0.021007061004638672
Graph_16_61_4,16,61,4,39,171257,0.02730870246887207
Graph_16_91_0,16,91,10,40,259429,0.03919625282287598
Graph_16_91_1,16,91,7,39,256578,0.03768301010131836
Graph_16_91_2,16,91,9,35,258249,0.03603768348693848
Graph_16_91_3,16,91,10,36,260033,0.038544416427612305
Graph_16_91_4,16,91,9,31,259237,0.03807806968688965
Graph_16_120_0,16,120,15,35,341648,0.0415341854095459
Graph_17_18_0,17,18,1,1,513,0.0
Graph_17_18_1,17,18,1,1,540,0.0
Graph_17_18_2,17,18,1,1,555,0.0
Graph_17_18_3,17,18,1,1,537,0.0
Graph_17_18_4,17,18,1,1,544,0.0
Graph_17_35_0,17,35,1,1,1064,0.0
Graph_17_35_1,17,35,2,30,100128,0.015721797943115234
Graph_17_35_2,17,35,1,3,3151,0.0010085105895996094
Graph_17_35_3,17,35,2,35,99572,0.014006614685058594
Graph_17_35_4,17,35,2,34,101771,0.013694047927856445
Graph_17_69_0,17,69,3,27,202221,0.027585983276367188
Graph_17_69_1,17,69,6,40,205875,0.02799224853515625
Graph_17_69_2,17,69,5,32,205259,0.02768397331237793
Graph_17_69_3,17,69,6,33,205447,0.028040409088134766
Graph_17_69_4,17,69,5,33,205645,0.014137744903564453
Graph_17_103_0,17,103,9,35,308910,0.04160475730895996
Graph_17_103_1,17,103,8,31,309654,0.041460275650024414
Graph_17_103_2,17,103,8,32,308387,0.04180479049682617
Graph_17_103_3,17,103,8,32,308649,0.057700157165527344
Graph_17_103_4,17,103,10,31,308774,0.043926239013671875
Graph_17_136_0,17,136,16,35,412985,0.05649137496948242
Graph_18_20_0,18,20,1,1,650,0.0
Graph_18_20_1,18,20,1,1,605,0.0
Graph_18_20_2,18,20,1,1,602,0.0
Graph_18_20_3,18,20,1,1,622,0.0
Graph_18_20_4,18,20,1,1,641,0.0
Graph_18_39_0,18,39,1,2,2377,0.0
Graph_18_39_1,18,39,2,30,119541,0.03073263168334961
Graph_18_39_2,18,39,2,28,117574,0.01625990867614746
Graph_18_39_3,18,39,2,29,118383,0.013796091079711914
Graph_18_39_4,18,39,2,24,117486,0.02148127555847168
Graph_18_77_0,18,77,6,37,242353,0.03333449363708496
Graph_18_77_1,18,77,6,31,242661,0.026671886444091797
Graph_18_77_2,18,77,5,38,241600,0.03213763236999512
Graph_18_77_3,18,77,6,36,240390,0.029491424560546875
Graph_18_77_4,18,77,6,40,242350,0.03595590591430664
Graph_18_115_0,18,115,11,28,363582,0.05150294303894043
Graph_18_115_1,18,115,11,30,367665,0.0416562557220459
Graph_18_115_2,18,115,11,35,366040,0.06231212615966797
Graph_18_115_3,18,115,10,33,366848,0.05758953094482422
Graph_18_115_4,18,115,11,37,368017,0.05457782745361328
Graph_18_153_0,18,153,17,28,489383,0.08563947677612305
Graph_19_22_0,19,22,1,2,1338,0.0
Graph_19_22_1,19,22,1,1,763,0.0
Graph_19_22_2,19,22,1,1,688,0.0
Graph_19_22_3,19,22,1,1,718,0.0
Graph_19_22_4,19,22,1,2,1362,0.0
Graph_19_43_0,19,43,1,3,4127,0.0
Graph_19_43_1,19,43,2,31,137550,0.02150249481201172
Graph_19_43_2,19,43,2,26,137155,0.020592927932739258
Graph_19_43_3,19,43,1,1,1406,0.0
Graph_19_43_4,19,43,2,39,136824,0.02102041244506836
Graph_19_86_0,19,86,4,32,283317,0.043997764587402344
Graph_19_86_1,19,86,5,36,284897,0.04158663749694824
Graph_19_86_2,19,86,5,35,285171,0.04163360595703125
Graph_19_86_3,19,86,5,34,283900,0.04176497459411621
Graph_19_86_4,19,86,6,37,285875,0.04168224334716797
Graph_19_129_0,19,129,10,37,431580,0.05713152885437012
Graph_19_129_1,19,129,11,37,432202,0.0625770092010498
Graph_19_129_2,19,129,10,37,431370,0.06244635581970215
Graph_19_129_3,19,129,11,33,431526,0.06065082550048828
Graph_19_129_4,19,129,10,34,432028,0.04672360420227051
Graph_19_171_0,19,171,18,29,573941,0.08709120750427246
Graph_20_24_0,20,24,1,2,1540,0.0
Graph_20_24_1,20,24,1,1,775,0.0
Graph_20_24_2,20,24,1,1,854,0.0
Graph_20_24_3,20,24,1,1,816,0.0
Graph_20_24_4,20,24,1,1,805,0.0
Graph_20_48_0,20,48,1,2,3328,0.0077991485595703125
Graph_20_48_1,20,48,3,26,161700,0.021049976348876953
Graph_20_48_2,20,48,3,36,161127,0.020649194717407227
Graph_20_48_3,20,48,3,33,161514,0.013192892074584961
Graph_20_48_4,20,48,2,21,158735,0.03362870216369629
two_K55_with_bridge,20,51,1,1,1718,0.0
Graph_20_96_0,20,96,7,35,335589,0.047620534896850586
Graph_20_96_1,20,96,6,38,334442,0.04400300979614258
Graph_20_96_2,20,96,5,31,335677,0.04235672950744629
Graph_20_96_3,20,96,5,31,332649,0.0414433479309082
Graph_20_96_4,20,96,6,28,334065,0.04182767868041992
Graph_20_143_0,20,143,12,39,505232,0.07137060165405273
Graph_20_143_1,20,143,11,36,502489,0.060462236404418945
Graph_20_143_2,20,143,12,36,504680,0.07628154754638672
Graph_20_143_3,20,143,12,33,502638,0.07851481437683105
Graph_20_143_4,20,143,11,33,502639,0.07335376739501953
Graph_20_190_0,20,190,19,34,671453,0.10854840278625488
Graph_21_27_0,21,27,1,2,1799,0.0
Graph_21_27_1,21,27,1,1,954,0.0
Graph_21_27_2,21,27,1,2,1998,0.0
Graph_21_27_3,21,27,1,1,931,0.0
Graph_21_27_4,21,27,1,1,974,0.0
Graph_21_53_0,21,53,3,31,186242,0.02375960350036621
Graph_21_53_1,21,53,3,35,188041,0.020320653915405273
Graph_21_53_2,21,53,2,36,184668,0.021946191787719727
Graph_21_53_3,21,53,3,28,186963,0.026553630828857422
Graph_21_53_4,21,53,2,27,185504,0.027028799057006836
Graph_21_106_0,21,106,7,33,386039,0.04786372184753418
Graph_21_106_1,21,106,6,32,386313,0.0358128547668457
Graph_21_106_2,21,106,6,37,386946,0.04247641563415527
Graph_21_106_3,21,106,6,34,387014,0.06265616416931152
Graph_21_106_4,21,106,8,31,388858,0.0417180061340332
Graph_21_158_0,21,158,12,39,580079,0.06928730010986328
Graph_21_158_1,21,158,10,35,583814,0.07636022567749023
Graph_21_158_2,21,158,13,35,583417,0.09024477005004883
Graph_21_158_3,21,158,12,40,584027,0.0922842025756836
Graph_21_158_4,21,158,12,32,585008,0.08989882469177246
Graph_21_210_0,21,210,20,32,779907,0.12184691429138184
Graph_22_29_0,22,29,1,1,1068,0.0
Graph_22_29_1,22,29,1,1,1024,0.0
Graph_22_29_2,22,29,1,1,1055,0.0
Graph_22_29_3,22,29,1,2,2010,0.0
Graph_22_29_4,22,29,1,1,1060,0.0
Graph_22_58_0,22,58,1,3,6559,0.0003523826599121094
Graph_22_58_1,22,58,2,32,211668,0.02686023712158203
Graph_22_58_2,22,58,2,31,213038,0.02294158935546875
Graph_22_58_3,22,58,2,22,212200,0.028851985931396484
Graph_22_58_4,22,58,2,33,212877,0.02598714828491211
Graph_22_116_0,22,116,8,36,442353,0.05702328681945801
Graph_22_116_1,22,116,7,34,441388,0.06211447715759277
Graph_22_116_2,22,116,7,38,439929,0.0622711181640625
Graph_22_116_3,22,116,9,38,444134,0.04697275161743164
Graph_22_116_4,22,116,7,35,444797,0.07817840576171875
Graph_22_174_0,22,174,13,34,672399,0.09409284591674805
Graph_22_174_1,22,174,12,37,673261,0.10138130187988281
Graph_22_174_2,22,174,12,28,668877,0.10440206527709961
Graph_22_174_3,22,174,13,35,670890,0.10193800926208496
Graph_22_174_4,22,174,10,31,671033,0.08814239501953125
Graph_22_231_0,22,231,21,40,899481,0.13587093353271484
Graph_23_32_0,23,32,1,1,1192,0.0
Graph_23_32_1,23,32,1,2,2442,0.0
Graph_23_32_2,23,32,1,2,2359,0.0
Graph_23_32_3,23,32,1,2,2324,0.0
Graph_23_32_4,23,32,1,1,1259,0.0
Graph_23_64_0,23,64,1,2,5021,0.0014033317565917969
Graph_23_64_1,23,64,2,29,244223,0.032393455505371094
Graph_23_64_2,23,64,3,35,248784,0.03106236457824707
Graph_23_64_3,23,64,3,33,247688,0.03081536293029785
Graph_23_64_4,23,64,1,1,2283,0.0004909038543701172
Graph_23_127_0,23,127,6,37,506261,0.0612945556640625
Graph_23_127_1,23,127,7,35,501499,0.07328510284423828
Graph_23_127_2,23,127,6,32,502543,0.06040334701538086
Graph_23_127_3,23,127,7,37,505163,0.07643795013427734
Graph_23_127_4,23,127,7,31,507044,0.06244921684265137
Graph_23_190_0,23,190,12,32,765058,0.11532068252563477
Graph_23_190_1,23,190,13,35,763774,0.10791015625
Graph_23_190_2,23,190,12,35,770714,0.11195540428161621
Graph_23_190_3,23,190,13,32,764640,0.11005830764770508
Graph_23_190_4,23,190,12,38,769814,0.10318374633789062
Graph_23_253_0,23,253,22,37,1024492,0.16800928115844727
Graph_24_35_0,24,35,1,1,1313,0.0
Graph_24_35_1,24,35,1,2,2637,0.0
Graph_24_35_2,24,35,1,1,1318,0.0
Graph_24_35_3,24,35,1,1,1354,0.0
Graph_24_35_4,24,35,1,1,1452,0.010218381881713867
Graph_24_70_0,24,70,1,3,8695,0.00033974647521972656
Graph_24_70_1,24,70,3,38,279024,0.03590035438537598
Graph_24_70_2,24,70,3,34,278832,0.035202741622924805
Graph_24_70_3,24,70,3,36,280116,0.038260698318481445
Graph_24_70_4,24,70,2,19,276573,0.029636859893798828
Graph_24_139_0,24,139,8,34,577776,0.06378340721130371
Graph_24_139_1,24,139,8,34,581992,0.07646608352661133
Graph_24_139_2,24,139,4,30,574275,0.07623767852783203
Graph_24_139_3,24,139,7,37,576964,0.07467842102050781
Graph_24_139_4,24,139,8,39,578531,0.07619047164916992
Graph_24_208_0,24,208,14,41,877331,0.12439656257629395
Graph_24_208_1,24,208,14,32,867820,0.13900065422058105
Graph_24_208_2,24,208,13,32,873751,0.13665127754211426
Graph_24_208_3,24,208,14,40,871137,0.13537931442260742
Graph_24_208_4,24,208,14,37,873322,0.12271595001220703
Graph_24_276_0,24,276,23,34,1162017,0.18667960166931152
